year,species,comp_type,base
2016,301,female,459.1550518478689
2016,301,male,231.1158863901832
2016,301,total,605.8080347627094
2018,301,female,356.69579273894516
2018,301,male,185.40774797033959
2018,301,total,617.8281915365271
2020,301,female,393.83940645845337
2020,301,male,386.11668927192585
2020,301,total,957.6279320099504
2022,301,female,404.04493991916576
2022,301,male,516.028338452861
2022,301,total,871.2706952288434
